,Entity,Code,Year,Meat,Deaths,Continent
104,Antigua and Barbuda,ATG,1992,75.87,278.90772030835734,North America
105,Antigua and Barbuda,ATG,1993,71.03,279.5579365801264,North America
106,Antigua and Barbuda,ATG,1994,73.44,280.68761967923444,North America
107,Antigua and Barbuda,ATG,1995,68.84,284.4043621079001,North America
108,Antigua and Barbuda,ATG,1996,78.33,279.502426916952,North America
109,Antigua and Barbuda,ATG,1997,77.5,278.77177115061335,North America
110,Antigua and Barbuda,ATG,1998,76.77,271.5331776462796,North America
111,Antigua and Barbuda,ATG,1999,75.44,264.15152689793626,North America
112,Antigua and Barbuda,ATG,2000,68.97,256.9644427491155,North America
113,Antigua and Barbuda,ATG,2001,68.39,251.0546162750476,North America
114,Antigua and Barbuda,ATG,2002,67.83,244.58110718902046,North America
115,Antigua and Barbuda,ATG,2003,67.58,239.95201507638092,North America
116,Antigua and Barbuda,ATG,2004,68.37,233.29924444395328,North America
117,Antigua and Barbuda,ATG,2005,80.1,228.56746533978247,North America
118,Antigua and Barbuda,ATG,2006,78.62,223.10365385536159,North America
119,Antigua and Barbuda,ATG,2007,81.99,216.4138203728835,North America
120,Antigua and Barbuda,ATG,2008,84.33,211.76348754056102,North America
121,Antigua and Barbuda,ATG,2009,81.94,207.542178398613,North America
122,Antigua and Barbuda,ATG,2010,81.62,205.5266885307217,North America
123,Antigua and Barbuda,ATG,2011,83.61,203.3597534971105,North America
124,Antigua and Barbuda,ATG,2012,79.66,200.6649607593026,North America
125,Antigua and Barbuda,ATG,2013,85.07,198.24813099281243,North America
126,Antigua and Barbuda,ATG,2014,73.35,197.83171229253543,North America
127,Antigua and Barbuda,ATG,2015,72.13,194.31071259850998,North America
128,Antigua and Barbuda,ATG,2016,64.17,192.81476475702888,North America
129,Antigua and Barbuda,ATG,2017,72.04,191.51092168042462,North America
738,Canada,CAN,1992,92.72,209.20984359101254,North America
739,Canada,CAN,1993,91.42,207.2027105549141,North America
740,Canada,CAN,1994,94.94,202.72085074006839,North America
741,Canada,CAN,1995,93.73,199.55401578154843,North America
742,Canada,CAN,1996,91.85,194.54662992271625,North America
743,Canada,CAN,1997,92.84,188.85250134530602,North America
744,Canada,CAN,1998,98.05,183.74703297329555,North America
745,Canada,CAN,1999,102.05,177.63380805048604,North America
746,Canada,CAN,2000,101.27,169.80150104965142,North America
747,Canada,CAN,2001,101.29,162.72718716192958,North America
748,Canada,CAN,2002,100.76,157.40483969810802,North America
749,Canada,CAN,2003,99.18,151.99810439291824,North America
750,Canada,CAN,2004,99.71,144.2948906394711,North America
751,Canada,CAN,2005,95.39,138.66367778511423,North America
752,Canada,CAN,2006,95.51,131.2082684203877,North America
753,Canada,CAN,2007,98.79,128.06112192226016,North America
754,Canada,CAN,2008,96.34,124.44974788462237,North America
755,Canada,CAN,2009,94.28,119.00950572987377,North America
756,Canada,CAN,2010,92.04,113.36164470087552,North America
757,Canada,CAN,2011,91.88,109.0682648248719,North America
758,Canada,CAN,2012,92.46,108.14670989996313,North America
759,Canada,CAN,2013,90.75,104.88008659820132,North America
760,Canada,CAN,2014,89.35,106.46220182556307,North America
761,Canada,CAN,2015,91.17,107.30281100268162,North America
762,Canada,CAN,2016,83.84,105.95320397462812,North America
763,Canada,CAN,2017,82.62,105.59928037491925,North America
3656,Saint Lucia,LCA,1992,81.9,357.6325891787813,North America
3657,Saint Lucia,LCA,1993,88.42,342.3606989520598,North America
3658,Saint Lucia,LCA,1994,91.87,333.89505793423075,North America
3659,Saint Lucia,LCA,1995,91.78,319.19816984670416,North America
3660,Saint Lucia,LCA,1996,91.43,304.0552847150051,North America
3661,Saint Lucia,LCA,1997,90.58,292.4774883353245,North America
3662,Saint Lucia,LCA,1998,89.19,275.7878498392627,North America
3663,Saint Lucia,LCA,1999,102.21,260.58412787542244,North America
3664,Saint Lucia,LCA,2000,99.06,242.49427816944717,North America
3665,Saint Lucia,LCA,2001,92.84,234.05731290619724,North America
3666,Saint Lucia,LCA,2002,91.07,235.85948501628755,North America
3667,Saint Lucia,LCA,2003,91.58,238.29720082901105,North America
3668,Saint Lucia,LCA,2004,99.24,234.49733428510925,North America
3669,Saint Lucia,LCA,2005,93.75,231.1510970467309,North America
3670,Saint Lucia,LCA,2006,88.58,224.8384215565041,North America
3671,Saint Lucia,LCA,2007,92.42,216.2649113067261,North America
3672,Saint Lucia,LCA,2008,89.71,207.05809506621517,North America
3673,Saint Lucia,LCA,2009,88.83,204.07250657779431,North America
3674,Saint Lucia,LCA,2010,95.65,201.94212085520093,North America
3675,Saint Lucia,LCA,2011,98.76,197.8071089594325,North America
3676,Saint Lucia,LCA,2012,97.38,198.40968727698998,North America
3677,Saint Lucia,LCA,2013,99.49,199.79863180849497,North America
3678,Saint Lucia,LCA,2014,96.33,198.17529355488384,North America
3679,Saint Lucia,LCA,2015,95.73,201.03460033330367,North America
3680,Saint Lucia,LCA,2016,94.02,202.56374892580487,North America
3681,Saint Lucia,LCA,2017,90.89,204.61987649356567,North America
3682,Saint Vincent and the Grenadines,VCT,1992,61.38,320.45898655456864,North America
3683,Saint Vincent and the Grenadines,VCT,1993,63.28,318.81111088987734,North America
3684,Saint Vincent and the Grenadines,VCT,1994,59.7,308.4022638290791,North America
3685,Saint Vincent and the Grenadines,VCT,1995,66.84,305.84181407041257,North America
3686,Saint Vincent and the Grenadines,VCT,1996,64.95,311.6528700700846,North America
3687,Saint Vincent and the Grenadines,VCT,1997,64.57,315.82165029587355,North America
3688,Saint Vincent and the Grenadines,VCT,1998,66.98,308.4053186515989,North America
3689,Saint Vincent and the Grenadines,VCT,1999,67.07,295.3869907759899,North America
3690,Saint Vincent and the Grenadines,VCT,2000,66.05,284.89822414114127,North America
3691,Saint Vincent and the Grenadines,VCT,2001,62.59,272.544459028041,North America
3692,Saint Vincent and the Grenadines,VCT,2002,78.26,265.49840897366823,North America
3693,Saint Vincent and the Grenadines,VCT,2003,80.05,258.5633907763956,North America
3694,Saint Vincent and the Grenadines,VCT,2004,83.8,257.9219838206581,North America
3695,Saint Vincent and the Grenadines,VCT,2005,83.27,255.3735681382565,North America
3696,Saint Vincent and the Grenadines,VCT,2006,86.88,253.67235681921014,North America
3697,Saint Vincent and the Grenadines,VCT,2007,90.51,251.98882359556148,North America
3698,Saint Vincent and the Grenadines,VCT,2008,94.32,251.75988734607202,North America
3699,Saint Vincent and the Grenadines,VCT,2009,93.45,249.21929500989327,North America
3700,Saint Vincent and the Grenadines,VCT,2010,97.18,247.63272515797874,North America
3701,Saint Vincent and the Grenadines,VCT,2011,96.77,248.88406338215447,North America
3702,Saint Vincent and the Grenadines,VCT,2012,94.19,252.64638674341538,North America
3703,Saint Vincent and the Grenadines,VCT,2013,95.55,256.0434286410976,North America
3704,Saint Vincent and the Grenadines,VCT,2014,91.26,258.31936062167296,North America
3705,Saint Vincent and the Grenadines,VCT,2015,93.35,257.0918902469706,North America
3706,Saint Vincent and the Grenadines,VCT,2016,91.18,254.4890422524303,North America
3707,Saint Vincent and the Grenadines,VCT,2017,91.04,252.6754042434364,North America
4531,United States,USA,1992,117.41,242.13902603712936,North America
4532,United States,USA,1993,116.48,243.2348080099544,North America
4533,United States,USA,1994,119.0,239.10940219360702,North America
4534,United States,USA,1995,118.13,236.5612474293346,North America
4535,United States,USA,1996,117.85,231.05677688442228,North America
4536,United States,USA,1997,116.88,225.9533582448893,North America
4537,United States,USA,1998,120.4,222.00186058217645,North America
4538,United States,USA,1999,123.81,220.86532953506577,North America
4539,United States,USA,2000,121.68,216.2862084477913,North America
4540,United States,USA,2001,120.78,211.85716768214127,North America
4541,United States,USA,2002,124.39,206.9658657635769,North America
4542,United States,USA,2003,123.17,200.44021190886517,North America
4543,United States,USA,2004,125.76,190.0028658714117,North America
4544,United States,USA,2005,125.3,185.6596527153962,North America
4545,United States,USA,2006,125.53,178.72648017809925,North America
4546,United States,USA,2007,125.47,171.66949390348384,North America
4547,United States,USA,2008,122.61,167.1521853887909,North America
4548,United States,USA,2009,118.7,161.9410593237799,North America
4549,United States,USA,2010,118.82,156.11141908564156,North America
4550,United States,USA,2011,116.29,154.96147126225085,North America
4551,United States,USA,2012,114.91,152.37377616273824,North America
4552,United States,USA,2013,115.13,150.72771013720498,North America
4553,United States,USA,2014,117.56,149.67836664528687,North America
4554,United States,USA,2015,120.86,149.3206547940009,North America
4555,United States,USA,2016,122.86,150.53411744154798,North America
4556,United States,USA,2017,124.1,151.08949194917716,North America
130,Argentina,ARG,1992,90.36,323.3927958448416,South America
131,Argentina,ARG,1993,98.58,309.98377627174744,South America
132,Argentina,ARG,1994,97.18,292.8032097436962,South America
133,Argentina,ARG,1995,90.89,285.9484530119988,South America
134,Argentina,ARG,1996,87.78,279.5169319181016,South America
135,Argentina,ARG,1997,89.21,272.5404261625131,South America
136,Argentina,ARG,1998,93.25,269.70475272370584,South America
137,Argentina,ARG,1999,99.87,268.3925756796951,South America
138,Argentina,ARG,2000,98.75,251.37629875744702,South America
139,Argentina,ARG,2001,94.19,247.72266130193816,South America
140,Argentina,ARG,2002,79.68,247.2713203168691,South America
141,Argentina,ARG,2003,83.46,245.5302430214674,South America
142,Argentina,ARG,2004,87.25,232.2156094586982,South America
143,Argentina,ARG,2005,89.8,222.4215719005258,South America
144,Argentina,ARG,2006,93.79,217.86705499289917,South America
145,Argentina,ARG,2007,94.95,220.58605916197632,South America
146,Argentina,ARG,2008,97.31,208.62754574235058,South America
147,Argentina,ARG,2009,99.64,206.36221319236182,South America
148,Argentina,ARG,2010,100.7,204.90610072248006,South America
149,Argentina,ARG,2011,105.34,203.15827893605228,South America
150,Argentina,ARG,2012,106.27,200.35570041184215,South America
151,Argentina,ARG,2013,107.24,197.96084926751328,South America
152,Argentina,ARG,2014,103.47,193.14106082561696,South America
153,Argentina,ARG,2015,108.95,192.197287225333,South America
154,Argentina,ARG,2016,108.18,193.12992100135062,South America
155,Argentina,ARG,2017,109.38,191.03214388644255,South America
508,Bolivia,BOL,1992,38.23,334.62779865875166,South America
509,Bolivia,BOL,1993,39.08,328.78273798073764,South America
510,Bolivia,BOL,1994,41.54,318.6776417455661,South America
511,Bolivia,BOL,1995,42.32,310.24643038115266,South America
512,Bolivia,BOL,1996,43.63,301.4209765122849,South America
513,Bolivia,BOL,1997,45.04,294.19911078671083,South America
514,Bolivia,BOL,1998,47.76,282.8212363665544,South America
515,Bolivia,BOL,1999,47.8,272.8648128165658,South America
516,Bolivia,BOL,2000,47.53,262.3065279715804,South America
517,Bolivia,BOL,2001,48.22,252.5795990508208,South America
518,Bolivia,BOL,2002,48.92,247.41330527729926,South America
519,Bolivia,BOL,2003,48.92,240.44689402780102,South America
520,Bolivia,BOL,2004,50.11,235.4084783506506,South America
521,Bolivia,BOL,2005,53.78,231.79476624507026,South America
522,Bolivia,BOL,2006,62.77,226.94664990748126,South America
523,Bolivia,BOL,2007,70.14,225.28408837318108,South America
524,Bolivia,BOL,2008,71.82,222.56914677943058,South America
525,Bolivia,BOL,2009,64.09,220.0410974718937,South America
526,Bolivia,BOL,2010,69.12,217.6800239418007,South America
527,Bolivia,BOL,2011,68.22,215.37103607585132,South America
528,Bolivia,BOL,2012,66.9,213.047985558058,South America
529,Bolivia,BOL,2013,66.38,210.8598388510437,South America
530,Bolivia,BOL,2014,64.75,208.92315869295638,South America
531,Bolivia,BOL,2015,68.25,207.1962927671726,South America
532,Bolivia,BOL,2016,69.9,205.585860831593,South America
533,Bolivia,BOL,2017,71.39,204.299030583071,South America
586,Brazil,BRA,1992,53.68,321.450307066242,South America
587,Brazil,BRA,1993,55.3,320.8344363131256,South America
588,Brazil,BRA,1994,60.57,311.41481182879625,South America
589,Brazil,BRA,1995,69.02,298.9036138177173,South America
590,Brazil,BRA,1996,70.25,285.78439853122325,South America
591,Brazil,BRA,1997,71.92,273.26928503806664,South America
592,Brazil,BRA,1998,72.22,266.42998973971993,South America
593,Brazil,BRA,1999,76.44,258.5138697792205,South America
594,Brazil,BRA,2000,78.98,248.8339568925216,South America
595,Brazil,BRA,2001,76.38,242.13656321339107,South America
596,Brazil,BRA,2002,78.69,236.66885790681422,South America
597,Brazil,BRA,2003,79.66,233.08544310627158,South America
598,Brazil,BRA,2004,81.21,227.5654696071638,South America
599,Brazil,BRA,2005,74.52,217.0501045420209,South America
600,Brazil,BRA,2006,77.9,211.69051705981937,South America
601,Brazil,BRA,2007,80.54,206.552436542988,South America
602,Brazil,BRA,2008,86.18,201.9912989648133,South America
603,Brazil,BRA,2009,85.21,198.4519346394022,South America
604,Brazil,BRA,2010,89.47,195.5421421384889,South America
605,Brazil,BRA,2011,92.97,192.26077133505783,South America
606,Brazil,BRA,2012,93.53,186.6537430233397,South America
607,Brazil,BRA,2013,97.58,182.46621269941107,South America
608,Brazil,BRA,2014,96.23,178.01476773784873,South America
609,Brazil,BRA,2015,97.88,175.94133572388012,South America
610,Brazil,BRA,2016,97.27,176.61369441314545,South America
611,Brazil,BRA,2017,99.83,177.96058426196984,South America
930,Chile,CHL,1992,42.76,220.97605477302034,South America
931,Chile,CHL,1993,47.96,219.1225748943764,South America
932,Chile,CHL,1994,52.93,213.54314508318257,South America
933,Chile,CHL,1995,56.37,207.6062867671409,South America
934,Chile,CHL,1996,58.85,199.83943529240727,South America
935,Chile,CHL,1997,60.95,192.3150039279791,South America
936,Chile,CHL,1998,62.47,189.9781634699913,South America
937,Chile,CHL,1999,62.1,186.50374973239715,South America
938,Chile,CHL,2000,64.98,175.22926980783237,South America
939,Chile,CHL,2001,65.59,175.6468806835997,South America
940,Chile,CHL,2002,64.74,167.39679428239575,South America
941,Chile,CHL,2003,67.01,167.86007195794383,South America
942,Chile,CHL,2004,69.17,164.72834727276074,South America
943,Chile,CHL,2005,70.36,157.6295726426667,South America
944,Chile,CHL,2006,75.38,152.17551497284524,South America
945,Chile,CHL,2007,77.78,149.26503787591588,South America
946,Chile,CHL,2008,77.6,141.16117210603952,South America
947,Chile,CHL,2009,73.95,143.5020013005559,South America
948,Chile,CHL,2010,77.26,143.55498016015616,South America
949,Chile,CHL,2011,79.53,137.5582498202575,South America
950,Chile,CHL,2012,81.79,134.51047185283255,South America
951,Chile,CHL,2013,85.69,132.76279221112424,South America
952,Chile,CHL,2014,81.74,128.28503264662734,South America
953,Chile,CHL,2015,81.98,127.05657384786464,South America
954,Chile,CHL,2016,84.75,126.62387299236191,South America
955,Chile,CHL,2017,83.16,127.99291280575727,South America
4557,Uruguay,URY,1992,94.24,280.00300984551603,South America
4558,Uruguay,URY,1993,97.17,280.9313066847506,South America
4559,Uruguay,URY,1994,99.95,269.5422475426078,South America
4560,Uruguay,URY,1995,84.99,265.0498505544405,South America
4561,Uruguay,URY,1996,88.42,255.67443075627133,South America
4562,Uruguay,URY,1997,85.42,246.59725629381532,South America
4563,Uruguay,URY,1998,87.92,249.1473336481485,South America
4564,Uruguay,URY,1999,88.73,243.61181288563893,South America
4565,Uruguay,URY,2000,78.76,232.35479294959447,South America
4566,Uruguay,URY,2001,86.36,223.31290467603648,South America
4567,Uruguay,URY,2002,78.95,221.30534955034585,South America
4568,Uruguay,URY,2003,59.32,220.83710948884246,South America
4569,Uruguay,URY,2004,62.27,217.11483008663362,South America
4570,Uruguay,URY,2005,57.46,207.75151469954326,South America
4571,Uruguay,URY,2006,59.57,195.52765277448142,South America
4572,Uruguay,URY,2007,60.47,200.9020874008997,South America
4573,Uruguay,URY,2008,75.3,185.43885329090702,South America
4574,Uruguay,URY,2009,70.12,175.40861117190912,South America
4575,Uruguay,URY,2010,75.14,171.8370831623549,South America
4576,Uruguay,URY,2011,76.07,175.33867207485534,South America
4577,Uruguay,URY,2012,70.26,172.1631859077901,South America
4578,Uruguay,URY,2013,82.29,165.82764094227224,South America
4579,Uruguay,URY,2014,61.43,159.3341089312556,South America
4580,Uruguay,URY,2015,58.01,159.5282912348895,South America
4581,Uruguay,URY,2016,52.41,159.92588418658693,South America
4582,Uruguay,URY,2017,57.69,160.70843138209116,South America
878,Central African Republic,CAF,1992,26.3,488.2686977433278,Africa
879,Central African Republic,CAF,1993,26.5,492.8260904300676,Africa
880,Central African Republic,CAF,1994,26.38,490.45138475018797,Africa
881,Central African Republic,CAF,1995,27.15,485.5750703174803,Africa
882,Central African Republic,CAF,1996,31.29,487.696340202788,Africa
883,Central African Republic,CAF,1997,27.73,483.79530646361053,Africa
884,Central African Republic,CAF,1998,27.57,482.5400241432621,Africa
885,Central African Republic,CAF,1999,27.18,480.18470889788347,Africa
886,Central African Republic,CAF,2000,32.02,475.16064403007033,Africa
887,Central African Republic,CAF,2001,31.71,471.23567171662165,Africa
888,Central African Republic,CAF,2002,32.28,468.55827337054285,Africa
889,Central African Republic,CAF,2003,31.26,465.23708011211374,Africa
890,Central African Republic,CAF,2004,33.1,461.18141075869596,Africa
891,Central African Republic,CAF,2005,33.35,457.69613135585587,Africa
892,Central African Republic,CAF,2006,33.58,455.5882002467453,Africa
893,Central African Republic,CAF,2007,34.86,453.12831295699095,Africa
894,Central African Republic,CAF,2008,35.01,450.71337265035737,Africa
895,Central African Republic,CAF,2009,35.21,449.8535364353682,Africa
896,Central African Republic,CAF,2010,37.01,449.9550511303559,Africa
897,Central African Republic,CAF,2011,37.69,448.068080365893,Africa
898,Central African Republic,CAF,2012,37.52,444.1785079366047,Africa
899,Central African Republic,CAF,2013,29.45,445.37554865722603,Africa
900,Central African Republic,CAF,2014,35.05,444.59439480545717,Africa
901,Central African Republic,CAF,2015,35.14,443.60554796392967,Africa
902,Central African Republic,CAF,2016,35.66,440.7928164574379,Africa
903,Central African Republic,CAF,2017,35.9,435.72654166764664,Africa
1008,Congo,COG,1992,27.64,487.80985242278166,Africa
1009,Congo,COG,1993,23.92,488.1543848900159,Africa
1010,Congo,COG,1994,19.08,500.4138729708243,Africa
1011,Congo,COG,1995,18.87,513.2783019477558,Africa
1012,Congo,COG,1996,17.19,510.0657291401183,Africa
1013,Congo,COG,1997,14.06,508.08449486698674,Africa
1014,Congo,COG,1998,16.49,492.6794976796003,Africa
1015,Congo,COG,1999,13.18,488.5296789594232,Africa
1016,Congo,COG,2000,14.6,485.4698628728445,Africa
1017,Congo,COG,2001,12.83,457.2733234712129,Africa
1018,Congo,COG,2002,14.95,440.6125237244418,Africa
1019,Congo,COG,2003,21.28,432.3086726451441,Africa
1020,Congo,COG,2004,20.38,426.7286313413061,Africa
1021,Congo,COG,2005,15.7,427.19423185723457,Africa
1022,Congo,COG,2006,19.36,408.1433453394822,Africa
1023,Congo,COG,2007,21.75,399.84040995176514,Africa
1024,Congo,COG,2008,21.62,390.3860572236829,Africa
1025,Congo,COG,2009,23.6,383.77224364555474,Africa
1026,Congo,COG,2010,25.73,383.9512647880485,Africa
1027,Congo,COG,2011,37.59,367.7472540635853,Africa
1028,Congo,COG,2012,24.05,362.4705721218165,Africa
1029,Congo,COG,2013,29.38,355.4335841318285,Africa
1030,Congo,COG,2014,27.93,354.15943599652184,Africa
1031,Congo,COG,2015,38.77,355.7912262099032,Africa
1032,Congo,COG,2016,38.03,345.6893546388489,Africa
1033,Congo,COG,2017,40.11,344.0941659135501,Africa
1614,Gabon,GAB,1992,58.23,362.6523804604078,Africa
1615,Gabon,GAB,1993,59.27,359.4403804844676,Africa
1616,Gabon,GAB,1994,59.91,361.07638106220327,Africa
1617,Gabon,GAB,1995,58.97,362.24588708274496,Africa
1618,Gabon,GAB,1996,51.97,363.9737687466459,Africa
1619,Gabon,GAB,1997,48.25,357.8000913711917,Africa
1620,Gabon,GAB,1998,50.89,354.43848262066706,Africa
1621,Gabon,GAB,1999,49.33,352.03996703520266,Africa
1622,Gabon,GAB,2000,50.59,351.24590505245965,Africa
1623,Gabon,GAB,2001,50.56,349.76305410926847,Africa
1624,Gabon,GAB,2002,48.54,340.26705171605414,Africa
1625,Gabon,GAB,2003,47.56,339.59479179321926,Africa
1626,Gabon,GAB,2004,55.7,336.52589885579107,Africa
1627,Gabon,GAB,2005,62.25,328.32812768680736,Africa
1628,Gabon,GAB,2006,65.31,325.1254646167821,Africa
1629,Gabon,GAB,2007,63.39,315.0598535428261,Africa
1630,Gabon,GAB,2008,60.45,310.51972909349723,Africa
1631,Gabon,GAB,2009,62.66,302.57836935638335,Africa
1632,Gabon,GAB,2010,63.79,292.6554167489794,Africa
1633,Gabon,GAB,2011,66.46,288.2792447510774,Africa
1634,Gabon,GAB,2012,66.85,282.31288554256696,Africa
1635,Gabon,GAB,2013,70.81,275.62879947687907,Africa
1636,Gabon,GAB,2014,63.49,271.12427551678456,Africa
1637,Gabon,GAB,2015,66.36,267.33358294746915,Africa
1638,Gabon,GAB,2016,59.99,263.20475435568557,Africa
1639,Gabon,GAB,2017,59.2,259.96669198552064,Africa
2828,Mauritius,MUS,1992,31.32,458.15206637497255,Africa
2829,Mauritius,MUS,1993,31.57,462.03127143733474,Africa
2830,Mauritius,MUS,1994,34.23,455.38838388899,Africa
2831,Mauritius,MUS,1995,31.25,442.8949889533428,Africa
2832,Mauritius,MUS,1996,32.3,439.5146870237193,Africa
2833,Mauritius,MUS,1997,32.13,448.62128684913307,Africa
2834,Mauritius,MUS,1998,32.32,433.0603734147757,Africa
2835,Mauritius,MUS,1999,33.83,424.41160592107286,Africa
2836,Mauritius,MUS,2000,34.99,413.3264088949777,Africa
2837,Mauritius,MUS,2001,38.64,403.8261480022484,Africa
2838,Mauritius,MUS,2002,40.34,394.07817608730517,Africa
2839,Mauritius,MUS,2003,40.69,377.0130028776117,Africa
2840,Mauritius,MUS,2004,43.69,353.6867425854881,Africa
2841,Mauritius,MUS,2005,43.47,330.5886448072707,Africa
2842,Mauritius,MUS,2006,45.21,308.5308738562942,Africa
2843,Mauritius,MUS,2007,47.3,277.2374750102627,Africa
2844,Mauritius,MUS,2008,49.33,262.9032046822193,Africa
2845,Mauritius,MUS,2009,51.15,249.5755995743004,Africa
2846,Mauritius,MUS,2010,51.68,234.73782401738757,Africa
2847,Mauritius,MUS,2011,52.72,224.5264501250145,Africa
2848,Mauritius,MUS,2012,53.61,226.50768792099086,Africa
2849,Mauritius,MUS,2013,53.47,221.08173507627464,Africa
2850,Mauritius,MUS,2014,52.2,222.40039136423198,Africa
2851,Mauritius,MUS,2015,52.25,223.4589114041765,Africa
2852,Mauritius,MUS,2016,51.95,225.68926446843608,Africa
2853,Mauritius,MUS,2017,50.89,224.64417504712662,Africa
3927,South Africa,ZAF,1992,41.09,210.0872831213076,Africa
3928,South Africa,ZAF,1993,39.8,210.52957794248317,Africa
3929,South Africa,ZAF,1994,40.2,224.05373573553246,Africa
3930,South Africa,ZAF,1995,37.39,227.4116255534855,Africa
3931,South Africa,ZAF,1996,36.96,264.0771988678025,Africa
3932,South Africa,ZAF,1997,38.18,297.00919079535134,Africa
3933,South Africa,ZAF,1998,35.4,305.6557167656348,Africa
3934,South Africa,ZAF,1999,37.22,305.92736820380316,Africa
3935,South Africa,ZAF,2000,41.6,319.6338359704647,Africa
3936,South Africa,ZAF,2001,39.08,307.01915324085,Africa
3937,South Africa,ZAF,2002,40.02,304.6342859641128,Africa
3938,South Africa,ZAF,2003,42.04,302.6369166064662,Africa
3939,South Africa,ZAF,2004,43.44,297.30767674180095,Africa
3940,South Africa,ZAF,2005,45.9,295.6726195833644,Africa
3941,South Africa,ZAF,2006,49.52,296.90784311842293,Africa
3942,South Africa,ZAF,2007,52.8,290.90733928513765,Africa
3943,South Africa,ZAF,2008,56.55,285.1441418990423,Africa
3944,South Africa,ZAF,2009,57.49,278.25466328570263,Africa
3945,South Africa,ZAF,2010,58.23,266.4757807049046,Africa
3946,South Africa,ZAF,2011,59.31,254.1184903704464,Africa
3947,South Africa,ZAF,2012,60.39,243.7708858031181,Africa
3948,South Africa,ZAF,2013,64.92,233.4266712977202,Africa
3949,South Africa,ZAF,2014,61.25,226.5847592720417,Africa
3950,South Africa,ZAF,2015,60.8,223.94143505136142,Africa
3951,South Africa,ZAF,2016,62.46,217.9613236643956,Africa
3952,South Africa,ZAF,2017,60.02,200.38045475223504,Africa
1139,Cyprus,CYP,1992,82.01,277.3936985304384,Asia
1141,Cyprus,CYP,1993,82.02,270.68450818497996,Asia
1143,Cyprus,CYP,1994,84.82,265.48127437255613,Asia
1145,Cyprus,CYP,1995,85.1,262.0689339840881,Asia
1147,Cyprus,CYP,1996,83.6,263.5772561211046,Asia
1149,Cyprus,CYP,1997,85.2,270.73698488255644,Asia
1151,Cyprus,CYP,1998,85.1,272.1048860764927,Asia
1153,Cyprus,CYP,1999,88.32,270.3544810819315,Asia
1155,Cyprus,CYP,2000,87.94,268.5848334237995,Asia
1157,Cyprus,CYP,2001,86.15,261.2136435140932,Asia
1159,Cyprus,CYP,2002,87.82,255.48528713012496,Asia
1161,Cyprus,CYP,2003,81.96,249.6553432933613,Asia
1163,Cyprus,CYP,2004,80.86,242.9274114401906,Asia
1165,Cyprus,CYP,2005,84.1,231.39472998007358,Asia
1167,Cyprus,CYP,2006,80.7,219.9087161597901,Asia
1169,Cyprus,CYP,2007,82.42,208.7955265432377,Asia
1171,Cyprus,CYP,2008,80.0,194.4084862539983,Asia
1173,Cyprus,CYP,2009,78.79,183.14943937825626,Asia
1175,Cyprus,CYP,2010,78.72,171.41827698719229,Asia
1177,Cyprus,CYP,2011,79.56,161.95210710442538,Asia
1179,Cyprus,CYP,2012,80.78,154.16453186295743,Asia
1181,Cyprus,CYP,2013,75.58,149.35001561180488,Asia
1183,Cyprus,CYP,2014,71.96,146.59397352172243,Asia
1185,Cyprus,CYP,2015,70.35,144.16773119050336,Asia
1187,Cyprus,CYP,2016,71.37,142.08520524189726,Asia
1189,Cyprus,CYP,2017,72.82,141.1707921475863,Asia
2160,Israel,ISR,1992,61.14,276.6630919016613,Asia
2161,Israel,ISR,1993,63.67,260.72594301707426,Asia
2162,Israel,ISR,1994,70.91,252.62937274425275,Asia
2163,Israel,ISR,1995,66.84,242.62296305085374,Asia
2164,Israel,ISR,1996,68.78,225.85087828497632,Asia
2165,Israel,ISR,1997,69.48,212.08576465607933,Asia
2166,Israel,ISR,1998,68.22,204.122123147255,Asia
2167,Israel,ISR,1999,68.32,189.5467859089987,Asia
2168,Israel,ISR,2000,85.31,179.29709891012024,Asia
2169,Israel,ISR,2001,91.8,168.50284537494468,Asia
2170,Israel,ISR,2002,99.15,162.40513320919598,Asia
2171,Israel,ISR,2003,99.87,154.0310616458999,Asia
2172,Israel,ISR,2004,100.89,145.147790917994,Asia
2173,Israel,ISR,2005,101.03,140.7107871374202,Asia
2174,Israel,ISR,2006,102.6,133.56043961091007,Asia
2175,Israel,ISR,2007,99.23,129.08127906423783,Asia
2176,Israel,ISR,2008,102.1,119.62257195802485,Asia
2177,Israel,ISR,2009,96.09,111.84832018588995,Asia
2178,Israel,ISR,2010,97.58,106.81523315304636,Asia
2179,Israel,ISR,2011,99.08,106.5725474897293,Asia
2180,Israel,ISR,2012,98.28,102.48289876156252,Asia
2181,Israel,ISR,2013,95.15,99.8772874170916,Asia
2182,Israel,ISR,2014,96.33,97.09787533680651,Asia
2183,Israel,ISR,2015,95.03,96.72662852874396,Asia
2184,Israel,ISR,2016,96.79,94.08570065970869,Asia
2185,Israel,ISR,2017,97.01,93.31980672644468,Asia
2906,Mongolia,MNG,1992,105.37,608.1782754122437,Asia
2907,Mongolia,MNG,1993,92.05,616.0316401436893,Asia
2908,Mongolia,MNG,1994,88.76,639.0527181910268,Asia
2909,Mongolia,MNG,1995,91.25,679.2507463819903,Asia
2910,Mongolia,MNG,1996,99.87,704.0292331390817,Asia
2911,Mongolia,MNG,1997,104.84,718.2827771869237,Asia
2912,Mongolia,MNG,1998,106.9,718.5113166959655,Asia
2913,Mongolia,MNG,1999,109.3,716.8172570290669,Asia
2914,Mongolia,MNG,2000,100.68,701.6136366029584,Asia
2915,Mongolia,MNG,2001,87.29,691.0287558256383,Asia
2916,Mongolia,MNG,2002,75.18,688.0305749306125,Asia
2917,Mongolia,MNG,2003,70.63,676.6231974499597,Asia
2918,Mongolia,MNG,2004,73.98,665.4761126667307,Asia
2919,Mongolia,MNG,2005,70.6,665.629279312005,Asia
2920,Mongolia,MNG,2006,66.48,639.4420937685477,Asia
2921,Mongolia,MNG,2007,71.08,606.4237743196517,Asia
2922,Mongolia,MNG,2008,79.98,596.4328006518759,Asia
2923,Mongolia,MNG,2009,87.62,602.0047344162107,Asia
2924,Mongolia,MNG,2010,74.15,576.9588716216267,Asia
2925,Mongolia,MNG,2011,73.61,550.811815788132,Asia
2926,Mongolia,MNG,2012,79.59,519.5054164141901,Asia
2927,Mongolia,MNG,2013,81.1,495.75079153345115,Asia
2928,Mongolia,MNG,2014,82.91,477.5320291312632,Asia
2929,Mongolia,MNG,2015,87.18,468.474064048897,Asia
2930,Mongolia,MNG,2016,86.59,463.4736937950713,Asia
2931,Mongolia,MNG,2017,88.37,460.04252928184326,Asia
3579,Russia,RUS,1992,61.21,563.8468495066833,Asia
3581,Russia,RUS,1993,58.8,658.34283622636,Asia
3583,Russia,RUS,1994,54.97,712.0672777162742,Asia
3585,Russia,RUS,1995,53.11,679.8181231732842,Asia
3587,Russia,RUS,1996,49.93,644.9203536822249,Asia
3589,Russia,RUS,1997,48.87,620.9443055728946,Asia
3591,Russia,RUS,1998,47.09,615.8491297349576,Asia
3593,Russia,RUS,1999,40.91,661.0266802753513,Asia
3595,Russia,RUS,2000,39.86,684.7955350857586,Asia
3597,Russia,RUS,2001,45.58,691.5165178529338,Asia
3599,Russia,RUS,2002,50.04,709.8014719214273,Asia
3601,Russia,RUS,2003,51.75,716.6488057422429,Asia
3603,Russia,RUS,2004,50.0,690.7640707693097,Asia
3605,Russia,RUS,2005,52.11,705.2797661523821,Asia
3607,Russia,RUS,2006,55.75,645.1378645340412,Asia
3609,Russia,RUS,2007,60.12,608.128849950662,Asia
3611,Russia,RUS,2008,64.87,601.3385510298949,Asia
3613,Russia,RUS,2009,63.74,566.1767462053144,Asia
3615,Russia,RUS,2010,65.36,559.2963062251844,Asia
3617,Russia,RUS,2011,66.25,513.1886748250373,Asia
3619,Russia,RUS,2012,72.76,489.6381700355574,Asia
3621,Russia,RUS,2013,74.82,471.0364444612776,Asia
3623,Russia,RUS,2014,73.42,465.956406170774,Asia
3625,Russia,RUS,2015,73.11,452.4579451843735,Asia
3627,Russia,RUS,2016,73.68,439.05924820764864,Asia
3629,Russia,RUS,2017,76.61,431.29748860208406,Asia
4141,Taiwan,TWN,1992,70.89,227.04209635585042,Asia
4142,Taiwan,TWN,1993,74.25,218.00591981178403,Asia
4143,Taiwan,TWN,1994,76.36,209.6493279559965,Asia
4144,Taiwan,TWN,1995,75.7,202.23236863818138,Asia
4145,Taiwan,TWN,1996,79.38,195.13862268329663,Asia
4146,Taiwan,TWN,1997,84.71,182.47780379383101,Asia
4147,Taiwan,TWN,1998,80.47,170.8118721768886,Asia
4148,Taiwan,TWN,1999,80.97,159.88565058993396,Asia
4149,Taiwan,TWN,2000,82.59,153.02671593542445,Asia
4150,Taiwan,TWN,2001,80.64,147.34977603075671,Asia
4151,Taiwan,TWN,2002,80.55,139.35975841449118,Asia
4152,Taiwan,TWN,2003,79.33,136.19356587013834,Asia
4153,Taiwan,TWN,2004,80.05,134.04228941899507,Asia
4154,Taiwan,TWN,2005,79.17,131.9375323951685,Asia
4155,Taiwan,TWN,2006,82.95,123.94655754456926,Asia
4156,Taiwan,TWN,2007,80.3,119.97689300702585,Asia
4157,Taiwan,TWN,2008,81.98,116.42429215331335,Asia
4158,Taiwan,TWN,2009,83.85,111.07113405243166,Asia
4159,Taiwan,TWN,2010,77.75,107.76456983449205,Asia
4160,Taiwan,TWN,2011,79.5,109.31551762577891,Asia
4161,Taiwan,TWN,2012,76.97,106.65540770568876,Asia
4162,Taiwan,TWN,2013,77.69,103.44465223734835,Asia
4163,Taiwan,TWN,2014,75.98,104.55127879227852,Asia
4164,Taiwan,TWN,2015,77.81,101.66660137263531,Asia
4165,Taiwan,TWN,2016,76.82,103.36272120758068,Asia
4166,Taiwan,TWN,2017,77.56,103.95702308661207,Asia
1718,Germany,DEU,1992,86.99,302.2865494029238,Europe
1719,Germany,DEU,1993,84.14,296.50033166024934,Europe
1720,Germany,DEU,1994,83.83,285.7325324305172,Europe
1721,Germany,DEU,1995,81.44,276.6977592481604,Europe
1722,Germany,DEU,1996,84.8,269.13762984540097,Europe
1723,Germany,DEU,1997,81.57,258.557159781078,Europe
1724,Germany,DEU,1998,85.67,246.94993115657303,Europe
1725,Germany,DEU,1999,82.92,238.36292223677643,Europe
1726,Germany,DEU,2000,82.74,230.16520612995075,Europe
1727,Germany,DEU,2001,81.34,221.30824786381734,Europe
1728,Germany,DEU,2002,80.73,218.15898808935626,Europe
1729,Germany,DEU,2003,83.12,212.86414783076748,Europe
1730,Germany,DEU,2004,82.65,197.33629456553882,Europe
1731,Germany,DEU,2005,82.01,188.3919766945412,Europe
1732,Germany,DEU,2006,82.43,180.60475972940614,Europe
1733,Germany,DEU,2007,86.06,176.24897379016065,Europe
1734,Germany,DEU,2008,85.69,173.19597482667638,Europe
1735,Germany,DEU,2009,85.97,169.8536838956457,Europe
1736,Germany,DEU,2010,87.54,164.8143254554063,Europe
1737,Germany,DEU,2011,87.92,160.84455503494868,Europe
1738,Germany,DEU,2012,86.41,157.59666711546984,Europe
1739,Germany,DEU,2013,85.94,158.75301913969955,Europe
1740,Germany,DEU,2014,88.14,153.03052955299827,Europe
1741,Germany,DEU,2015,87.88,156.71824621618734,Europe
1742,Germany,DEU,2016,88.53,159.46872809425997,Europe
1743,Germany,DEU,2017,87.78,156.13854945276668,Europe
2004,Iceland,ISL,1992,65.42,235.00924901454673,Europe
2005,Iceland,ISL,1993,69.84,231.41634263453946,Europe
2006,Iceland,ISL,1994,69.02,230.06298739902405,Europe
2007,Iceland,ISL,1995,70.0,226.13546677886947,Europe
2008,Iceland,ISL,1996,59.83,222.025570243221,Europe
2009,Iceland,ISL,1997,69.48,215.5820508934761,Europe
2010,Iceland,ISL,1998,73.0,205.2833792010373,Europe
2011,Iceland,ISL,1999,79.87,194.88202066670243,Europe
2012,Iceland,ISL,2000,81.66,185.3895164198792,Europe
2013,Iceland,ISL,2001,80.41,178.355384323876,Europe
2014,Iceland,ISL,2002,84.66,171.1204092803531,Europe
2015,Iceland,ISL,2003,85.97,163.8415735164292,Europe
2016,Iceland,ISL,2004,84.12,158.5079810966717,Europe
2017,Iceland,ISL,2005,83.53,152.46194875918363,Europe
2018,Iceland,ISL,2006,89.65,147.01181714549043,Europe
2019,Iceland,ISL,2007,94.21,141.12634320329065,Europe
2020,Iceland,ISL,2008,92.65,137.51068813009874,Europe
2021,Iceland,ISL,2009,86.71,135.2060372383906,Europe
2022,Iceland,ISL,2010,82.17,129.50608719622394,Europe
2023,Iceland,ISL,2011,87.39,125.38018900569703,Europe
2024,Iceland,ISL,2012,89.45,123.77807703315588,Europe
2025,Iceland,ISL,2013,93.33,122.42721349687682,Europe
2026,Iceland,ISL,2014,86.28,121.215867781808,Europe
2027,Iceland,ISL,2015,86.37,119.9650013195875,Europe
2028,Iceland,ISL,2016,88.22,117.99697790415766,Europe
2029,Iceland,ISL,2017,91.01,117.99213939291359,Europe
3500,Poland,POL,1992,76.07,481.44534930681436,Europe
3501,Poland,POL,1993,73.4,463.71996421707087,Europe
3502,Poland,POL,1994,68.51,453.19804040896037,Europe
3503,Poland,POL,1995,69.25,446.77702424685685,Europe
3504,Poland,POL,1996,70.6,431.145890799743,Europe
3505,Poland,POL,1997,65.83,419.61024234938316,Europe
3506,Poland,POL,1998,69.56,401.00397008584144,Europe
3507,Poland,POL,1999,72.33,393.40132176774085,Europe
3508,Poland,POL,2000,70.71,369.10019473210093,Europe
3509,Poland,POL,2001,70.74,354.83574115712264,Europe
3510,Poland,POL,2002,73.92,342.80972250718554,Europe
3511,Poland,POL,2003,75.11,334.44462692299066,Europe
3512,Poland,POL,2004,73.15,324.8437094470724,Europe
3513,Poland,POL,2005,72.86,314.7072378841894,Europe
3514,Poland,POL,2006,75.96,307.0952381892337,Europe
3515,Poland,POL,2007,75.44,302.01722544548187,Europe
3516,Poland,POL,2008,73.59,293.6870979622008,Europe
3517,Poland,POL,2009,74.54,284.98295846801125,Europe
3518,Poland,POL,2010,74.72,268.10339639257734,Europe
3519,Poland,POL,2011,76.3,258.7479790943201,Europe
3520,Poland,POL,2012,75.35,254.8874469583193,Europe
3521,Poland,POL,2013,76.08,246.77562591510792,Europe
3522,Poland,POL,2014,81.71,235.8080654163521,Europe
3523,Poland,POL,2015,85.01,236.1323613396604,Europe
3524,Poland,POL,2016,86.3,231.3030693815064,Europe
3525,Poland,POL,2017,88.7,227.33091915806443,Europe
3526,Portugal,PRT,1992,69.62,347.87769789204003,Europe
3527,Portugal,PRT,1993,73.68,345.6416617952928,Europe
3528,Portugal,PRT,1994,77.18,318.08410713746565,Europe
3529,Portugal,PRT,1995,74.35,314.45053880447614,Europe
3530,Portugal,PRT,1996,76.34,310.0712434171656,Europe
3531,Portugal,PRT,1997,78.31,296.9177882851799,Europe
3532,Portugal,PRT,1998,83.99,285.24275470695636,Europe
3533,Portugal,PRT,1999,87.03,275.16715973635456,Europe
3534,Portugal,PRT,2000,87.37,259.3408730332029,Europe
3535,Portugal,PRT,2001,86.97,246.50051469882118,Europe
3536,Portugal,PRT,2002,85.17,237.08700060171424,Europe
3537,Portugal,PRT,2003,82.96,227.34146703928928,Europe
3538,Portugal,PRT,2004,84.16,204.12794056179226,Europe
3539,Portugal,PRT,2005,84.92,188.52054143145276,Europe
3540,Portugal,PRT,2006,87.48,176.46031989540862,Europe
3541,Portugal,PRT,2007,94.06,170.16884752619418,Europe
3542,Portugal,PRT,2008,92.82,162.346388189314,Europe
3543,Portugal,PRT,2009,93.61,155.40663329122572,Europe
3544,Portugal,PRT,2010,93.34,147.9370640676071,Europe
3545,Portugal,PRT,2011,90.3,140.19186027431596,Europe
3546,Portugal,PRT,2012,88.27,136.04519120109637,Europe
3547,Portugal,PRT,2013,88.35,131.41367549748162,Europe
3548,Portugal,PRT,2014,92.58,127.76673296712991,Europe
3549,Portugal,PRT,2015,93.54,124.57597801666904,Europe
3550,Portugal,PRT,2016,92.86,126.35592715422294,Europe
3551,Portugal,PRT,2017,94.06,127.84219694229769,Europe
3979,Spain,ESP,1992,96.94,212.90281671978215,Europe
3980,Spain,ESP,1993,99.73,205.76985908648143,Europe
3981,Spain,ESP,1994,100.26,198.97780133860817,Europe
3982,Spain,ESP,1995,101.32,195.05790790723572,Europe
3983,Spain,ESP,1996,102.9,190.29179046328454,Europe
3984,Spain,ESP,1997,103.47,181.7878940652908,Europe
3985,Spain,ESP,1998,116.79,179.56665298331023,Europe
3986,Spain,ESP,1999,114.72,178.18473595198668,Europe
3987,Spain,ESP,2000,113.25,166.6459533400928,Europe
3988,Spain,ESP,2001,115.12,160.3667749654146,Europe
3989,Spain,ESP,2002,119.6,156.6212409301987,Europe
3990,Spain,ESP,2003,118.38,155.873519079927,Europe
3991,Spain,ESP,2004,108.4,147.33700407479583,Europe
3992,Spain,ESP,2005,108.07,143.06111179896226,Europe
3993,Spain,ESP,2006,107.19,135.27001522815354,Europe
3994,Spain,ESP,2007,110.81,131.78025489222884,Europe
3995,Spain,ESP,2008,102.48,127.09848649809031,Europe
3996,Spain,ESP,2009,98.42,120.0596993695238,Europe
3997,Spain,ESP,2010,96.65,114.38879664426716,Europe
3998,Spain,ESP,2011,95.76,111.92787960122328,Europe
3999,Spain,ESP,2012,95.68,109.27441900414131,Europe
4000,Spain,ESP,2013,94.04,104.76861192433093,Europe
4001,Spain,ESP,2014,94.54,102.78330221745495,Europe
4002,Spain,ESP,2015,96.44,104.73225775929556,Europe
4003,Spain,ESP,2016,97.93,101.23408676045149,Europe
4004,Spain,ESP,2017,100.25,99.40348688026741,Europe
208,Australia,AUS,1992,112.14,245.7730784245535,Oceania
209,Australia,AUS,1993,110.81,234.43778994424787,Oceania
210,Australia,AUS,1994,111.7,232.0469850155223,Oceania
211,Australia,AUS,1995,108.76,221.8244882594519,Oceania
212,Australia,AUS,1996,107.63,215.19746595029537,Oceania
213,Australia,AUS,1997,105.9,205.64003363883862,Oceania
214,Australia,AUS,1998,110.7,195.87575877975314,Oceania
215,Australia,AUS,1999,110.38,186.0757440473961,Oceania
216,Australia,AUS,2000,111.07,179.0520373403376,Oceania
217,Australia,AUS,2001,109.97,170.1182158604672,Oceania
218,Australia,AUS,2002,110.71,164.92916508715558,Oceania
219,Australia,AUS,2003,117.88,156.14542669708385,Oceania
220,Australia,AUS,2004,107.74,147.79991094946402,Oceania
221,Australia,AUS,2005,117.29,139.35212407147557,Oceania
222,Australia,AUS,2006,111.8,133.7816913576102,Oceania
223,Australia,AUS,2007,122.1,132.3012377177785,Oceania
224,Australia,AUS,2008,112.38,128.87124858414043,Oceania
225,Australia,AUS,2009,112.28,123.11319324260546,Oceania
226,Australia,AUS,2010,111.95,117.45300380284193,Oceania
227,Australia,AUS,2011,121.12,114.2273621745517,Oceania
228,Australia,AUS,2012,117.33,108.55371516081509,Oceania
229,Australia,AUS,2013,116.23,105.08949035626931,Oceania
230,Australia,AUS,2014,119.47,105.17013822536207,Oceania
231,Australia,AUS,2015,123.26,105.34536391115337,Oceania
232,Australia,AUS,2016,123.04,105.98139162842857,Oceania
233,Australia,AUS,2017,121.6,107.79142458855026,Oceania
1536,Fiji,FJI,1992,43.53,470.5388767191604,Oceania
1537,Fiji,FJI,1993,44.26,473.7259182097162,Oceania
1538,Fiji,FJI,1994,42.3,483.2108587679916,Oceania
1539,Fiji,FJI,1995,42.55,488.8924852776727,Oceania
1540,Fiji,FJI,1996,42.71,499.5143569018176,Oceania
1541,Fiji,FJI,1997,43.28,522.9260042708056,Oceania
1542,Fiji,FJI,1998,40.96,515.4418503783098,Oceania
1543,Fiji,FJI,1999,43.94,522.7116573951608,Oceania
1544,Fiji,FJI,2000,44.86,518.1547255848121,Oceania
1545,Fiji,FJI,2001,42.11,502.2462272944979,Oceania
1546,Fiji,FJI,2002,41.42,498.12716631953737,Oceania
1547,Fiji,FJI,2003,41.79,486.185849468525,Oceania
1548,Fiji,FJI,2004,44.51,465.48953067218935,Oceania
1549,Fiji,FJI,2005,45.52,458.05574915461256,Oceania
1550,Fiji,FJI,2006,47.02,458.02151611324234,Oceania
1551,Fiji,FJI,2007,44.22,454.6719041579216,Oceania
1552,Fiji,FJI,2008,44.0,454.2383689233963,Oceania
1553,Fiji,FJI,2009,38.01,445.15265430727516,Oceania
1554,Fiji,FJI,2010,38.9,441.564496948902,Oceania
1555,Fiji,FJI,2011,44.61,432.6726852726517,Oceania
1556,Fiji,FJI,2012,52.55,428.97198126414986,Oceania
1557,Fiji,FJI,2013,39.59,425.56888391024626,Oceania
1558,Fiji,FJI,2014,42.98,422.08678037447686,Oceania
1559,Fiji,FJI,2015,40.35,418.3935319289174,Oceania
1560,Fiji,FJI,2016,40.1,415.37425772238976,Oceania
1561,Fiji,FJI,2017,43.85,412.82041958175864,Oceania
3100,New Zealand,NZL,1992,93.49,270.5410672930916,Oceania
3101,New Zealand,NZL,1993,105.01,264.38557453532303,Oceania
3102,New Zealand,NZL,1994,89.65,251.09801247053582,Oceania
3103,New Zealand,NZL,1995,122.49,255.49096089827339,Oceania
3104,New Zealand,NZL,1996,108.56,244.49963688682016,Oceania
3105,New Zealand,NZL,1997,107.67,231.89840447469987,Oceania
3106,New Zealand,NZL,1998,99.39,217.37801331923131,Oceania
3107,New Zealand,NZL,1999,107.66,216.11853027759534,Oceania
3108,New Zealand,NZL,2000,92.48,204.03065335519656,Oceania
3109,New Zealand,NZL,2001,100.9,200.27444732332543,Oceania
3110,New Zealand,NZL,2002,104.65,197.0783869703458,Oceania
3111,New Zealand,NZL,2003,107.57,189.93581157792667,Oceania
3112,New Zealand,NZL,2004,109.16,181.46561650521855,Oceania
3113,New Zealand,NZL,2005,102.94,171.3020442780309,Oceania
3114,New Zealand,NZL,2006,109.14,164.5798819840324,Oceania
3115,New Zealand,NZL,2007,115.92,160.30825086210618,Oceania
3116,New Zealand,NZL,2008,116.67,155.24315648371174,Oceania
3117,New Zealand,NZL,2009,104.39,148.82948425635666,Oceania
3118,New Zealand,NZL,2010,96.32,142.5853743057329,Oceania
3119,New Zealand,NZL,2011,126.17,140.7399612614929,Oceania
3120,New Zealand,NZL,2012,100.92,137.0801484952836,Oceania
3121,New Zealand,NZL,2013,101.4,132.02876702776823,Oceania
3122,New Zealand,NZL,2014,102.64,131.59093036613834,Oceania
3123,New Zealand,NZL,2015,100.76,129.6506855053105,Oceania
3124,New Zealand,NZL,2016,101.38,128.95211210899998,Oceania
3125,New Zealand,NZL,2017,100.89,128.7972514137827,Oceania
3708,Samoa,WSM,1992,67.91,350.99002641415643,Oceania
3709,Samoa,WSM,1993,71.0,351.69588021025015,Oceania
3710,Samoa,WSM,1994,70.89,354.29232604638986,Oceania
3711,Samoa,WSM,1995,66.36,355.8052105179072,Oceania
3712,Samoa,WSM,1996,68.81,359.7990790845308,Oceania
3713,Samoa,WSM,1997,54.05,358.0467006985802,Oceania
3714,Samoa,WSM,1998,66.65,355.7487941594464,Oceania
3715,Samoa,WSM,1999,67.64,354.5480871141558,Oceania
3716,Samoa,WSM,2000,73.91,352.72523367800187,Oceania
3717,Samoa,WSM,2001,79.27,349.8868375299057,Oceania
3718,Samoa,WSM,2002,76.52,346.85753848421564,Oceania
3719,Samoa,WSM,2003,79.21,344.19270032540487,Oceania
3720,Samoa,WSM,2004,71.84,341.52679534619085,Oceania
3721,Samoa,WSM,2005,83.94,338.5952743629569,Oceania
3722,Samoa,WSM,2006,75.49,340.1303202482048,Oceania
3723,Samoa,WSM,2007,82.46,344.5199154680503,Oceania
3724,Samoa,WSM,2008,84.71,343.3471381470314,Oceania
3725,Samoa,WSM,2009,83.24,351.4523023003585,Oceania
3726,Samoa,WSM,2010,89.72,352.09488773082563,Oceania
3727,Samoa,WSM,2011,91.93,354.3825425759063,Oceania
3728,Samoa,WSM,2012,105.99,354.6501275894935,Oceania
3729,Samoa,WSM,2013,102.2,353.80172342252365,Oceania
3730,Samoa,WSM,2014,97.17,353.04698489587565,Oceania
3731,Samoa,WSM,2015,96.51,352.02219709999787,Oceania
3732,Samoa,WSM,2016,97.35,350.6077196178386,Oceania
3733,Samoa,WSM,2017,96.67,348.9773286667788,Oceania
4609,Vanuatu,VUT,1992,35.66,595.0340485430053,Oceania
4610,Vanuatu,VUT,1993,32.58,594.1801035915554,Oceania
4611,Vanuatu,VUT,1994,32.68,592.1728653649319,Oceania
4612,Vanuatu,VUT,1995,34.46,590.7468110331503,Oceania
4613,Vanuatu,VUT,1996,34.51,588.5451049175496,Oceania
4614,Vanuatu,VUT,1997,32.14,586.7762597349234,Oceania
4615,Vanuatu,VUT,1998,35.26,584.6211356991955,Oceania
4616,Vanuatu,VUT,1999,35.28,583.5102748631381,Oceania
4617,Vanuatu,VUT,2000,36.11,581.7098342600572,Oceania
4618,Vanuatu,VUT,2001,35.43,580.7809750023242,Oceania
4619,Vanuatu,VUT,2002,33.07,581.4801106600676,Oceania
4620,Vanuatu,VUT,2003,32.88,580.168238328131,Oceania
4621,Vanuatu,VUT,2004,32.39,578.8401833480269,Oceania
4622,Vanuatu,VUT,2005,33.3,577.4764550569614,Oceania
4623,Vanuatu,VUT,2006,33.22,573.8504166698048,Oceania
4624,Vanuatu,VUT,2007,37.71,571.0341643001426,Oceania
4625,Vanuatu,VUT,2008,39.55,566.9193034469971,Oceania
4626,Vanuatu,VUT,2009,37.22,563.1560691252104,Oceania
4627,Vanuatu,VUT,2010,38.02,558.502311909523,Oceania
4628,Vanuatu,VUT,2011,37.48,555.3157502861525,Oceania
4629,Vanuatu,VUT,2012,38.47,553.034192723792,Oceania
4630,Vanuatu,VUT,2013,40.77,550.7216991735132,Oceania
4631,Vanuatu,VUT,2014,38.1,549.0248687968328,Oceania
4632,Vanuatu,VUT,2015,37.52,548.4805107148652,Oceania
4633,Vanuatu,VUT,2016,37.14,547.4541928917388,Oceania
4634,Vanuatu,VUT,2017,36.03,546.3001538915505,Oceania
